{
  "project_info": {
    "project_number": "179100745642",
    "firebase_url": "https://myapp-56d94.firebaseio.com",
    "project_id": "myapp-56d94",
    "storage_bucket": "myapp-56d94.appspot.com"
  },
  "client": [
    {
      "client_info": {
        "mobilesdk_app_id": "1:179100745642:android:316cfca2bfdb750f",
        "android_client_info": {
          "package_name": "com.example.dell.myapp"
        }
      },
      "oauth_client": [
        {
          "client_id": "179100745642-d6hk2oruor3af85udfu8i2vm0jd52gqu.apps.googleusercontent.com",
          "client_type": 1,
          "android_info": {
            "package_name": "com.example.dell.myapp",
            "certificate_hash": "f11c592742aa98341c21002ca5c42ee3ae6ba84b"
          }
        },
        {
          "client_id": "179100745642-amstfgb1lase3c5l79m9hsme8uh36mdr.apps.googleusercontent.com",
          "client_type": 3
        }
      ],
      "api_key": [
        {
          "current_key": "AIzaSyBLkj3uIOI5XVS6WeFJoj1_8433tIQ5_lo"
        }
      ],
      "services": {
        "analytics_service": {
          "status": 1
        },
        "appinvite_service": {
          "status": 2,
          "other_platform_oauth_client": [
            {
              "client_id": "179100745642-amstfgb1lase3c5l79m9hsme8uh36mdr.apps.googleusercontent.com",
              "client_type": 3
            }
          ]
        },
        "ads_service": {
          "status": 2
        }
      }
    }
  ],
  "configuration_version": "1"
}